{
  "latitud": -33.491355843068995,
  "longitud": -70.58369104864985
}
